text,label,location,timestamp,source,platform,username,subreddit
Feeling overwhelmed with work stress and pressure,1,Kakamega,2024-01-01 00:00:00,sample_data,,,
"Headache for three days straight, need to see a doctor",1,Embu,2024-01-01 01:00:00,sample_data,,,
Mombasa residents reporting high stress levels,1,Machakos,2024-01-01 02:00:00,sample_data,,,
Eldoret medical facilities seeing increase in anxiety cases,1,Garissa,2024-01-01 03:00:00,sample_data,,,
Nairobi hospitals are overwhelmed with flu cases,1,Nairobi,2024-01-01 04:00:00,sample_data,,,
"Stomach issues for the past week, very concerning",1,Meru,2024-01-01 05:00:00,sample_data,,,
"Depression is real, seeking help should not be stigmatized",1,Garissa,2024-01-01 07:00:00,sample_data,,,
"Can't concentrate, feeling burnt out from everything",1,Kakamega,2024-01-01 09:00:00,sample_data,,,
Mental health awareness is so important in our community,1,Kisumu,2024-01-01 10:00:00,sample_data,,,
"Experiencing chest pain, should I go to the hospital?",1,Kitale,2024-01-01 20:00:00,sample_data,,,
"Got diagnosed with flu today, feeling terrible",1,Nairobi,2024-01-01 22:00:00,sample_data,,,
Mental health support groups in Kisumu are helpful,1,Kisumu,2024-01-02 00:00:00,sample_data,,,
Nakuru county health officials urge caution,1,Kakamega,2024-01-02 01:00:00,sample_data,,,
"I've been feeling really anxious lately, can't sleep at night",1,Kakamega,2024-01-02 06:00:00,sample_data,,,
Panic attacks have been getting worse recently,1,Thika,2024-01-02 12:00:00,sample_data,,,
New restaurant opened in Westlands,0,Eldoret,2024-01-26 00:00:00,sample_data,,,
Weather is perfect for outdoor activities,0,Machakos,2024-01-26 01:00:00,sample_data,,,
Excited about the new movie release,0,Embu,2024-01-26 02:00:00,sample_data,,,
Great football match last night,0,Kakamega,2024-01-26 03:00:00,sample_data,,,
Love the new music from local artists,0,Embu,2024-01-26 04:00:00,sample_data,,,
Weekend plans include visiting family,0,Nyeri,2024-01-26 08:00:00,sample_data,,,
Beautiful sunset today in Nairobi,0,Kisumu,2024-01-26 10:00:00,sample_data,,,
Planning a trip to Maasai Mara,0,Eldoret,2024-01-26 11:00:00,sample_data,,,
Traffic is terrible on Waiyaki Way,0,Thika,2024-01-27 02:00:00,sample_data,,,
Working from home has its benefits,0,Eldoret,2024-01-27 09:00:00,sample_data,,,
